#Junk row again,,,,,,
# Junk row,,,,,,
First Key,Second Key,Col 1,Col 2,Col 3,Col 4,Col 5
first,a,a,b,c,d,message
first,Nullz,1,NAAN,3,4,hello
first,c,5,6,Nullz,8,world
first,d,9,10,11,12,foo
second,a,a,b,c,d,message
second,b,1,Nullz,3,4,hello
second,c,NAAN,6,7,8,world
second,d,9,10,11,12,foo
first,a,a,b,c,d,message
first,Nullz,1,NAAN,3,4,hello
first,c,5,6,Nullz,8,world
first,d,9,10,11,12,foo
second,a,a,b,c,d,message
second,b,1,Nullz,3,4,hello
second,c,NAAN,6,7,8,world
second,d,9,10,11,12,foo
first,a,a,b,c,d,message
first,Nullz,1,NAAN,3,4,hello
first,c,5,6,Nullz,8,world
first,d,9,10,11,12,foo
second,a,a,b,c,d,message
second,b,1,Nullz,3,4,hello
second,c,NAAN,6,7,8,world
second,d,9,10,11,12,foo
first,a,a,b,c,d,message
first,Nullz,1,NAAN,3,4,hello
first,c,5,6,Nullz,8,world
first,d,9,10,11,12,foo
second,a,a,b,c,d,message
second,b,1,Nullz,3,4,hello
second,c,NAAN,6,7,8,world
second,d,9,10,11,12,foo
first,a,a,b,c,d,message
first,Nullz,1,NAAN,3,4,hello
first,c,5,6,Nullz,8,world
first,d,9,10,11,12,foo
second,a,a,b,c,d,message
second,b,1,Nullz,3,4,hello
second,c,NAAN,6,7,8,world
second,d,9,10,11,12,foo
first,a,a,b,c,d,message
first,Nullz,1,NAAN,3,4,hello
first,c,5,6,Nullz,8,world
first,d,9,10,11,12,foo
second,a,a,b,c,d,message
second,b,1,Nullz,3,4,hello
second,c,NAAN,6,7,8,world
second,d,9,10,11,12,foo
first,a,a,b,c,d,message
first,Nullz,1,NAAN,3,4,hello
first,c,5,6,Nullz,8,world
first,d,9,10,11,12,foo
second,a,a,b,c,d,message
second,b,1,Nullz,3,4,hello
second,c,NAAN,6,7,8,world
second,d,9,10,11,12,foo
first,a,a,b,c,d,message
first,Nullz,1,NAAN,3,4,hello
first,c,5,6,Nullz,8,world
first,d,9,10,11,12,foo
second,a,a,b,c,d,message
second,b,1,Nullz,3,4,hello
second,c,NAAN,6,7,8,world
second,d,9,10,11,12,foo
first,a,a,b,c,d,message
first,Nullz,1,NAAN,3,4,hello
first,c,5,6,Nullz,8,world
first,d,9,10,11,12,foo
second,a,a,b,c,d,message
second,b,1,Nullz,3,4,hello
second,c,NAAN,6,7,8,world
second,d,9,10,11,12,foo
first,a,a,b,c,d,message
first,Nullz,1,NAAN,3,4,hello
first,c,5,6,Nullz,8,world
first,d,9,10,11,12,foo
second,a,a,b,c,d,message
second,b,1,Nullz,3,4,hello
second,c,NAAN,6,7,8,world
second,d,9,10,11,12,foo
first,a,a,b,c,d,message
first,Nullz,1,NAAN,3,4,hello
first,c,5,6,Nullz,8,world
first,d,9,10,11,12,foo
second,a,a,b,c,d,message
second,b,1,Nullz,3,4,hello
second,c,NAAN,6,7,8,world
second,d,9,10,11,12,foo
first,a,a,b,c,d,message
first,Nullz,1,NAAN,3,4,hello
first,c,5,6,Nullz,8,world
first,d,9,10,11,12,foo
second,a,a,b,c,d,message
second,b,1,Nullz,3,4,hello
second,c,NAAN,6,7,8,world
second,d,9,10,11,12,foo
first,a,a,b,c,d,message
first,Nullz,1,NAAN,3,4,hello
first,c,5,6,Nullz,8,world
first,d,9,10,11,12,foo
second,a,a,b,c,d,message
second,b,1,Nullz,3,4,hello
second,c,NAAN,6,7,8,world
second,d,9,10,11,12,foo
first,a,a,b,c,d,message
first,Nullz,1,NAAN,3,4,hello
first,c,5,6,Nullz,8,world
first,d,9,10,11,12,foo
second,a,a,b,c,d,message
second,b,1,Nullz,3,4,hello
second,c,NAAN,6,7,8,world
second,d,9,10,11,12,foo
first,a,a,b,c,d,message
first,Nullz,1,NAAN,3,4,hello
first,c,5,6,Nullz,8,world
first,d,9,10,11,12,foo
second,a,a,b,c,d,message
second,b,1,Nullz,3,4,hello
second,c,NAAN,6,7,8,world
second,d,9,10,11,12,foo
first,a,a,b,c,d,message
first,Nullz,1,NAAN,3,4,hello
first,c,5,6,Nullz,8,world
first,d,9,10,11,12,foo
second,a,a,b,c,d,message
second,b,1,Nullz,3,4,hello
second,c,NAAN,6,7,8,world
second,d,9,10,11,12,foo
first,a,a,b,c,d,message
first,Nullz,1,NAAN,3,4,hello
first,c,5,6,Nullz,8,world
first,d,9,10,11,12,foo
second,a,a,b,c,d,message
second,b,1,Nullz,3,4,hello
second,c,NAAN,6,7,8,world
second,d,9,10,11,12,foo
first,a,a,b,c,d,message
first,Nullz,1,NAAN,3,4,hello
first,c,5,6,Nullz,8,world
first,d,9,10,11,12,foo
second,a,a,b,c,d,message
second,b,1,Nullz,3,4,hello
second,c,NAAN,6,7,8,world
second,d,9,10,11,12,foo
first,a,a,b,c,d,message
first,Nullz,1,NAAN,3,4,hello
first,c,5,6,Nullz,8,world
first,d,9,10,11,12,foo
second,a,a,b,c,d,message
second,b,1,Nullz,3,4,hello
second,c,NAAN,6,7,8,world
second,d,9,10,11,12,foo
first,a,a,b,c,d,message
first,Nullz,1,NAAN,3,4,hello
first,c,5,6,Nullz,8,world
first,d,9,10,11,12,foo
second,a,a,b,c,d,message
second,b,1,Nullz,3,4,hello
second,c,NAAN,6,7,8,world
second,d,9,10,11,12,foo
first,a,a,b,c,d,message
first,Nullz,1,NAAN,3,4,hello
first,c,5,6,Nullz,8,world
first,d,9,10,11,12,foo
second,a,a,b,c,d,message
second,b,1,Nullz,3,4,hello
second,c,NAAN,6,7,8,world
second,d,9,10,11,12,foo
first,a,a,b,c,d,message
first,Nullz,1,NAAN,3,4,hello
first,c,5,6,Nullz,8,world
first,d,9,10,11,12,foo
second,a,a,b,c,d,message
second,b,1,Nullz,3,4,hello
second,c,NAAN,6,7,8,world
second,d,9,10,11,12,foo
first,a,a,b,c,d,message
first,Nullz,1,NAAN,3,4,hello
first,c,5,6,Nullz,8,world
first,d,9,10,11,12,foo
second,a,a,b,c,d,message
second,b,1,Nullz,3,4,hello
second,c,NAAN,6,7,8,world
second,d,9,10,11,12,foo
first,a,a,b,c,d,message
first,Nullz,1,NAAN,3,4,hello
first,c,5,6,Nullz,8,world
first,d,9,10,11,12,foo
second,a,a,b,c,d,message
second,b,1,Nullz,3,4,hello
second,c,NAAN,6,7,8,world
second,d,9,10,11,12,foo
first,a,a,b,c,d,message
first,Nullz,1,NAAN,3,4,hello
first,c,5,6,Nullz,8,world
first,d,9,10,11,12,foo
second,a,a,b,c,d,message
second,b,1,Nullz,3,4,hello
second,c,NAAN,6,7,8,world
second,d,9,10,11,12,foo
