,First Key,Second Key,Col 1,Col 2,Col 3,Col 4,Col 5
0,first,a,a,b,c,d,message
1,first,,1,,3,4,hello
2,first,c,5,6,,8,world
3,first,d,9,10,11,12,foo
4,second,a,a,b,c,d,message
5,second,b,1,,3,4,hello
6,second,c,,6,7,8,world
7,second,d,9,10,11,12,foo
8,first,a,a,b,c,d,message
9,first,,1,,3,4,hello
10,first,c,5,6,,8,world
11,first,d,9,10,11,12,foo
12,second,a,a,b,c,d,message
13,second,b,1,,3,4,hello
14,second,c,,6,7,8,world
15,second,d,9,10,11,12,foo
16,first,a,a,b,c,d,message
17,first,,1,,3,4,hello
18,first,c,5,6,,8,world
19,first,d,9,10,11,12,foo
20,second,a,a,b,c,d,message
21,second,b,1,,3,4,hello
22,second,c,,6,7,8,world
23,second,d,9,10,11,12,foo
24,first,a,a,b,c,d,message
25,first,,1,,3,4,hello
26,first,c,5,6,,8,world
27,first,d,9,10,11,12,foo
28,second,a,a,b,c,d,message
29,second,b,1,,3,4,hello
30,second,c,,6,7,8,world
31,second,d,9,10,11,12,foo
32,first,a,a,b,c,d,message
33,first,,1,,3,4,hello
34,first,c,5,6,,8,world
35,first,d,9,10,11,12,foo
36,second,a,a,b,c,d,message
37,second,b,1,,3,4,hello
38,second,c,,6,7,8,world
39,second,d,9,10,11,12,foo
40,first,a,a,b,c,d,message
41,first,,1,,3,4,hello
42,first,c,5,6,,8,world
43,first,d,9,10,11,12,foo
44,second,a,a,b,c,d,message
45,second,b,1,,3,4,hello
46,second,c,,6,7,8,world
47,second,d,9,10,11,12,foo
48,first,a,a,b,c,d,message
49,first,,1,,3,4,hello
50,first,c,5,6,,8,world
51,first,d,9,10,11,12,foo
52,second,a,a,b,c,d,message
53,second,b,1,,3,4,hello
54,second,c,,6,7,8,world
55,second,d,9,10,11,12,foo
56,first,a,a,b,c,d,message
57,first,,1,,3,4,hello
58,first,c,5,6,,8,world
59,first,d,9,10,11,12,foo
60,second,a,a,b,c,d,message
61,second,b,1,,3,4,hello
62,second,c,,6,7,8,world
63,second,d,9,10,11,12,foo
64,first,a,a,b,c,d,message
65,first,,1,,3,4,hello
66,first,c,5,6,,8,world
67,first,d,9,10,11,12,foo
68,second,a,a,b,c,d,message
69,second,b,1,,3,4,hello
70,second,c,,6,7,8,world
71,second,d,9,10,11,12,foo
72,first,a,a,b,c,d,message
73,first,,1,,3,4,hello
74,first,c,5,6,,8,world
75,first,d,9,10,11,12,foo
76,second,a,a,b,c,d,message
77,second,b,1,,3,4,hello
78,second,c,,6,7,8,world
79,second,d,9,10,11,12,foo
80,first,a,a,b,c,d,message
81,first,,1,,3,4,hello
82,first,c,5,6,,8,world
83,first,d,9,10,11,12,foo
84,second,a,a,b,c,d,message
85,second,b,1,,3,4,hello
86,second,c,,6,7,8,world
87,second,d,9,10,11,12,foo
88,first,a,a,b,c,d,message
89,first,,1,,3,4,hello
90,first,c,5,6,,8,world
91,first,d,9,10,11,12,foo
92,second,a,a,b,c,d,message
93,second,b,1,,3,4,hello
94,second,c,,6,7,8,world
95,second,d,9,10,11,12,foo
96,first,a,a,b,c,d,message
97,first,,1,,3,4,hello
98,first,c,5,6,,8,world
99,first,d,9,10,11,12,foo
100,second,a,a,b,c,d,message
101,second,b,1,,3,4,hello
102,second,c,,6,7,8,world
103,second,d,9,10,11,12,foo
104,first,a,a,b,c,d,message
105,first,,1,,3,4,hello
106,first,c,5,6,,8,world
107,first,d,9,10,11,12,foo
108,second,a,a,b,c,d,message
109,second,b,1,,3,4,hello
110,second,c,,6,7,8,world
111,second,d,9,10,11,12,foo
112,first,a,a,b,c,d,message
113,first,,1,,3,4,hello
114,first,c,5,6,,8,world
115,first,d,9,10,11,12,foo
116,second,a,a,b,c,d,message
117,second,b,1,,3,4,hello
118,second,c,,6,7,8,world
119,second,d,9,10,11,12,foo
120,first,a,a,b,c,d,message
121,first,,1,,3,4,hello
122,first,c,5,6,,8,world
123,first,d,9,10,11,12,foo
124,second,a,a,b,c,d,message
125,second,b,1,,3,4,hello
126,second,c,,6,7,8,world
127,second,d,9,10,11,12,foo
128,first,a,a,b,c,d,message
129,first,,1,,3,4,hello
130,first,c,5,6,,8,world
131,first,d,9,10,11,12,foo
132,second,a,a,b,c,d,message
133,second,b,1,,3,4,hello
134,second,c,,6,7,8,world
135,second,d,9,10,11,12,foo
136,first,a,a,b,c,d,message
137,first,,1,,3,4,hello
138,first,c,5,6,,8,world
139,first,d,9,10,11,12,foo
140,second,a,a,b,c,d,message
141,second,b,1,,3,4,hello
142,second,c,,6,7,8,world
143,second,d,9,10,11,12,foo
144,first,a,a,b,c,d,message
145,first,,1,,3,4,hello
146,first,c,5,6,,8,world
147,first,d,9,10,11,12,foo
148,second,a,a,b,c,d,message
149,second,b,1,,3,4,hello
150,second,c,,6,7,8,world
151,second,d,9,10,11,12,foo
152,first,a,a,b,c,d,message
153,first,,1,,3,4,hello
154,first,c,5,6,,8,world
155,first,d,9,10,11,12,foo
156,second,a,a,b,c,d,message
157,second,b,1,,3,4,hello
158,second,c,,6,7,8,world
159,second,d,9,10,11,12,foo
160,first,a,a,b,c,d,message
161,first,,1,,3,4,hello
162,first,c,5,6,,8,world
163,first,d,9,10,11,12,foo
164,second,a,a,b,c,d,message
165,second,b,1,,3,4,hello
166,second,c,,6,7,8,world
167,second,d,9,10,11,12,foo
168,first,a,a,b,c,d,message
169,first,,1,,3,4,hello
170,first,c,5,6,,8,world
171,first,d,9,10,11,12,foo
172,second,a,a,b,c,d,message
173,second,b,1,,3,4,hello
174,second,c,,6,7,8,world
175,second,d,9,10,11,12,foo
176,first,a,a,b,c,d,message
177,first,,1,,3,4,hello
178,first,c,5,6,,8,world
179,first,d,9,10,11,12,foo
180,second,a,a,b,c,d,message
181,second,b,1,,3,4,hello
182,second,c,,6,7,8,world
183,second,d,9,10,11,12,foo
184,first,a,a,b,c,d,message
185,first,,1,,3,4,hello
186,first,c,5,6,,8,world
187,first,d,9,10,11,12,foo
188,second,a,a,b,c,d,message
189,second,b,1,,3,4,hello
190,second,c,,6,7,8,world
191,second,d,9,10,11,12,foo
192,first,a,a,b,c,d,message
193,first,,1,,3,4,hello
194,first,c,5,6,,8,world
195,first,d,9,10,11,12,foo
196,second,a,a,b,c,d,message
197,second,b,1,,3,4,hello
198,second,c,,6,7,8,world
199,second,d,9,10,11,12,foo
